Wall time,Step,Value
1767390784.877536,1200,169.0
1767390856.8518798,2400,30.0
1767390922.5879881,3600,24.0
1767390968.090496,4800,25.0
1767391021.5132022,6000,24.0
1767391064.3982966,7200,25.0
1767391113.331989,8400,25.0
1767391174.3258927,9600,24.0
1767391227.4398215,10800,24.0
1767391274.9433463,12000,24.0
1767391331.4832835,13200,23.0
1767391419.5610328,14400,22.0
1767391473.3169856,15600,22.0
1767391529.992395,16800,22.0
1767391614.94724,18000,21.0
1767391807.559497,19200,18.0
1767391897.308301,20400,18.0
1767391967.929262,21600,18.0
1767392100.102521,22800,17.0
1767392187.8288827,24000,17.0
1767392274.9582906,25200,16.0
1767392381.7579644,26400,16.0
1767392467.3965297,27600,16.0
1767392522.586397,28800,16.0
1767392577.1117728,30000,16.0
1767392629.674905,31200,16.0
1767392684.5703964,32400,16.0
1767392739.1742094,33600,17.0
1767392778.0446293,34800,17.0
1767392820.382785,36000,17.0
1767392859.449366,37200,17.0
1767392897.8968837,38400,18.0
1767392936.1209352,39600,18.0
1767392977.4736402,40800,18.0
1767393016.8218312,42000,18.0
1767393054.869326,43200,18.0
1767393094.5618196,44400,19.0
1767393137.1881607,45600,19.0
1767393175.7620344,46800,19.0
1767393215.3163776,48000,19.0
1767393255.1580896,49200,19.0
1767393295.1119597,50400,20.0
1767393336.243114,51600,20.0
1767393376.3921256,52800,20.0
1767393415.6062615,54000,20.0
1767393463.7776766,55200,20.0
1767393504.5031471,56400,20.0
1767393550.1268682,57600,20.0
1767393631.4153686,58800,20.0
1767393719.65958,60000,20.0
1767393793.7402391,61200,20.0
1767393864.548364,62400,20.0
1767393938.9807792,63600,20.0
1767394016.7169707,64800,20.0
1767394094.9817076,66000,19.0
1767394166.431058,67200,19.0
1767394227.4990633,68400,19.0
1767394298.4620726,69600,19.0
1767394383.797292,70800,19.0
1767394431.5589058,72000,19.0
1767394490.535918,73200,19.0
1767394544.8475437,74400,19.0
1767394597.7126021,75600,19.0
1767394644.0912254,76800,19.0
1767394705.4700863,78000,19.0
1767394753.8015115,79200,19.0
1767394811.507221,80400,19.0
1767394860.4322834,81600,19.0
1767394927.1105409,82800,19.0
1767394968.6658192,84000,20.0
1767395022.9594474,85200,20.0
1767395065.7657998,86400,20.0
1767395106.7461622,87600,20.0
1767395149.2082655,88800,20.0
1767395195.2463405,90000,20.0
1767395247.3286605,91200,20.0
1767395293.1884959,92400,20.0
1767395358.694601,93600,20.0
1767395425.070658,94800,20.0
1767395468.7117426,96000,20.0
1767395533.6998515,97200,20.0
1767395624.8205924,98400,20.0
1767395710.6036162,99600,20.0
