Wall time,Step,Value
1767376783.0317025,1200,131.0
1767376822.5765476,2400,49.0
1767376878.1091628,3600,34.0
1767376946.5366433,4800,27.0
1767377019.3037984,6000,24.0
1767377074.9549446,7200,23.0
1767377116.1928859,8400,24.0
1767377201.5785394,9600,22.0
1767377269.1092389,10800,21.0
1767377330.3733957,12000,21.0
1767377371.334764,13200,22.0
1767377411.4529433,14400,22.0
1767377449.4580953,15600,23.0
1767377497.1017141,16800,23.0
1767377536.5304346,18000,23.0
1767377576.6637325,19200,23.0
1767377616.5155253,20400,24.0
1767377649.7972388,21600,24.0
1767377686.4048445,22800,24.0
1767377722.051343,24000,25.0
1767377765.2020397,25200,25.0
1767377802.7932854,26400,25.0
1767377841.5456803,27600,25.0
1767377888.555418,28800,25.0
1767377925.8887157,30000,26.0
1767377963.304899,31200,26.0
1767378011.7068474,32400,26.0
1767378050.307339,33600,26.0
1767378086.2003772,34800,26.0
1767378126.7517073,36000,26.0
1767378163.9709706,37200,26.0
1767378202.1804864,38400,26.0
1767378234.751083,39600,27.0
1767378281.204917,40800,27.0
1767378329.1197505,42000,27.0
1767378360.597742,43200,27.0
1767378392.811702,44400,27.0
1767378426.9142413,45600,27.0
1767378459.4053159,46800,27.0
1767378491.8187401,48000,27.0
1767378532.777905,49200,27.0
1767378572.0460362,50400,28.0
1767378610.881879,51600,28.0
1767378648.4759352,52800,28.0
1767378686.0833774,54000,28.0
1767378725.6940908,55200,28.0
1767378764.0327823,56400,28.0
1767378801.7852452,57600,28.0
1767378839.6853797,58800,28.0
1767378879.2851036,60000,28.0
1767378918.7759216,61200,28.0
1767378957.041242,62400,28.0
1767378995.5496328,63600,28.0
1767379034.5442164,64800,28.0
1767379074.7041845,66000,28.0
1767379113.7109888,67200,28.0
1767379152.8246696,68400,28.0
1767379191.4770205,69600,28.0
1767379231.3630693,70800,28.0
1767379269.9488473,72000,28.0
1767379309.3850236,73200,28.0
1767379348.2819088,74400,28.0
1767379388.421561,75600,28.0
1767379427.0761483,76800,28.0
1767379466.5067925,78000,28.0
1767379506.2147155,79200,28.0
1767379547.7224934,80400,28.0
1767379586.9738195,81600,29.0
1767379626.442828,82800,29.0
1767379665.54507,84000,29.0
1767379706.2720196,85200,29.0
1767379745.5792165,86400,29.0
1767379784.2261202,87600,29.0
1767379823.6760309,88800,29.0
1767379864.2938192,90000,29.0
1767379906.920588,91200,29.0
1767379949.3091614,92400,29.0
1767379997.4137313,93600,29.0
1767380046.8088057,94800,28.0
1767380091.0808613,96000,28.0
1767380136.6225007,97200,28.0
1767380181.4753163,98400,28.0
1767380224.9217799,99600,28.0
